Opportunity Owner,Account Name,Opportunity Name,Stage,Close Date,Created Date,Type,ARR (converted) Currency,ARR (converted),Current CRM (Account),Account Region,Verified SaaS Industry,Sales Team Size,CRO Forecast Status,Substage,Attribution,Source,Sales Qualified Date,Account ID
Chris Jankos,ConductorOne,ConductorOne-25-CPQ-SF-NAM,Won,04/02/2026,03/10/2025,New Business,USD,29900,Salesforce CRM,North America,Yes,SMB,2-Strong Upside,,Executive,Other,15/10/2025,001Rn00000BKJEL
Jonathan Weksler,Antithesis Operations LLC,Antithesis-25-CPQ-SF-NAM,Won,09/02/2026,17/12/2025,New Business,USD,31800,Salesforce CRM,North America,Yes,SMB,5 - Not Projected,,Inbound,Inbound,19/12/2025,001Rn000008eWdY
Chris Jankos,archTIS,archTIS-15-CPQ-HS-ANZ,Won,27/02/2026,23/01/2026,New Business,USD,20000,Hubspot CRM,ANZ,Yes,SMB,2-Strong Upside,,Inbound,Inbound,28/01/2026,001Rn00000BKGM1
Nathan Goldstein,ColorTokens,ColorTokens-50-CPQ-SF-NAM,Won,02/03/2026,05/05/2025,New Business,USD,36000,Salesforce CRM,North America,,MM,5 - Not Projected,,Inbound,Inbound,15/05/2025,0016Q00001axbT1
Boaz Buch,Bloomerang,Bloomerang-135-CPQ-SF-NAM,Won,10/03/2026,05/11/2025,New Business,USD,108540,Salesforce CRM,North America,Yes,Enterprise,3-Upside,,Inbound,Inbound,25/11/2025,0014P00002wMQJJ
Ivan Brin,Elixir Technologies,Elixir Technologies-12-CPQ-SF DISP-NAM,Won,12/03/2026,26/11/2025,New Business - Competitive Displacement,USD,21600,Salesforce CRM,North America,,SMB,1-Commit,,Inbound,Inbound,26/11/2025,0014P00002wMDNI
Gilad Hemsani,AvaSure LLC,Avasure-19-CPQ-MD-NAM,Won,17/03/2026,24/10/2025,New Business,USD,30780,Microsoft Dynamics CRM,North America,,SMB,2-Strong Upside,,Inbound,Inbound,29/10/2025,0016Q00001gw2Oo
Dov Dewar,Dyad,Dyad-15-Q2C-SF-NAM,Won,19/03/2026,10/03/2026,New Business,USD,50000,Salesforce CRM,North America,Yes,SMB,1-Commit,,Inbound,Inbound,16/03/2026,001Rn00000BKJqA
Jonathan Weksler,OpKey,Opkey-30-CPQ-HS-NAM,Won,20/03/2026,11/02/2026,New Business,USD,40320,Hubspot CRM,North America,Yes,MM,1-Commit,,Inbound,Inbound,15/02/2026,0014P00002wMNrm
Dov Dewar,Trinity Cyber,Trinity Cyber-10-CPQ-SF-NAM,Won,25/03/2026,24/11/2025,New Business,USD,18000,Salesforce CRM,North America,,SMB,1-Commit,,Inbound,Inbound,05/12/2025,0014P00002wMPNJ
Boaz Buch,Panorays,Panorays-22-SF-CPQ-IL,Won,26/03/2026,28/10/2025,New Business,USD,18480,Salesforce CRM,North America,,SMB,1-Commit,,Sales Direct,Other,11/11/2025,0014P00002wMNbF
Boaz Buch,Wonderful,Wonderful-100-CPQ-SF-EMEA,Won,26/03/2026,04/03/2026,New Business,USD,46800,Salesforce CRM,Rest EMEA,Yes,Enterprise,1-Commit,,Inbound,Inbound,09/03/2026,001Rn00000qIVVd
Dov Dewar,Risk ident,Risk ident-10-CPQ-HS-DACH-CP,Won,27/03/2026,26/02/2026,New Business,USD,20454.55,Hubspot CRM,DACH,,SMB,1-Commit,,Referral + Partners,Partners,12/03/2026,0016Q00001oucEY
Dov Dewar,HeroDevs,HeroDevs-25-CPQ-SF-NAM,Won,28/03/2026,15/01/2026,New Business,USD,30000,Salesforce CRM,North America,Yes,SMB,2-Strong Upside,,Inbound,Inbound,21/01/2026,001Rn00000uIxe8
Becky Gilor,Zip,Zip-200-SF-CPQ-NAM-DISP,Won,31/03/2026,07/01/2026,New Business - Competitive Displacement,USD,108000,Salesforce CRM,North America,Yes,Enterprise,3-Upside,,Sales Direct,Other,01/04/2026,0016Q00001YY8YS
Ivan Brin,Addigy,Addigy-16-CPQ-SF-NAM,Won,31/03/2026,06/02/2026,New Business,USD,20160,Salesforce CRM,North America,Yes,SMB,1-Commit,,Inbound,Inbound,11/02/2026,0014P00002wMPBI
Jonathan Weksler,Claritas Rx,Claritas Rx-20-CPQ-HS-NAM,Won,31/03/2026,26/02/2026,New Business,USD,28800,Hubspot CRM,North America,Yes,SMB,3-Upside,,Inbound,Inbound,01/03/2026,001Rn00000Enxx3
Nathan Goldstein,Moxi Works,MoxiWorks-30-CPQ-HS-NAM,Won,02/04/2026,03/02/2026,New Business,USD,32400,Hubspot CRM,North America,Yes,MM,3-Upside,,Inbound,Inbound,04/02/2026,0014P00002wMOiw
Nathan Goldstein,Evotix,Evotix-50-CPQ-SF-EMEA-DISP,Won,07/04/2026,22/01/2026,New Business - Competitive Displacement,USD,66315.79,Salesforce CRM,UK/Ireland,Yes,MM,1-Commit,,Inbound,Inbound,03/02/2026,0016Q00001dh133
Ivan Brin,Harbor Lab,Harbor Lab-10-HS-CPQ-EMEA,Won,08/04/2026,19/03/2026,New Business,USD,18000,Hubspot CRM,Rest EMEA,,SMB,5 - Not Projected,,Inbound,Inbound,19/03/2026,001Rn00000uQVWL
Chris Jankos,Fresho,Fresho-14-CPQ-SF-ANZ,Won,10/04/2026,20/02/2026,New Business,USD,18620.69,Salesforce CRM,ANZ,Yes,SMB,4-Longshot,,Inbound,Inbound,24/02/2026,001Rn00000BKH5d
Boaz Buch,Staffbase,Staffbase-172-CPQ-SF-DACH-DISP,Won,11/04/2026,26/05/2025,New Business - Competitive Displacement,USD,127968,Salesforce CRM,DACH,,Enterprise,1-Commit,,Executive,Other,11/06/2025,0016Q00001a8GKY
Nathan Goldstein,BioRender,BioRender-75-CPQ-SF-NAM,Won,17/04/2026,08/01/2026,New Business,USD,72000,Salesforce CRM,North America,,MM,1-Commit,,Outbound,Outbound,05/03/2026,0016Q00001WpU7O
Chris Jankos,Virtual IT Group,Virtual IT Group-29-CPQ-HS-ANZ,Won,20/04/2026,05/03/2026,New Business,USD,41380,Hubspot CRM,ANZ,,MM,1-Commit,,Inbound,Inbound,10/03/2026,001Rn00000bJiBb
Boaz Buch,"DataBank Holdings, Ltd.",DataBank-100-CPQ-SF-Nue DISP-Licenses,Won,22/04/2026,08/01/2026,New Business - Competitive Displacement,USD,134400,Salesforce CRM,North America,,Enterprise,1-Commit,,Sales Direct,Other,08/01/2026,0016Q00001YXPji
Nathan Goldstein,MAPAL Group,Mapal-45-CPQ-MD-EMEA,Won,24/04/2026,31/12/2025,New Business,USD,42827.59,Microsoft Dynamics CRM,UK/Ireland,,MM,1-Commit,,Sales Direct,Other,01/01/2026,0016Q000021tf1C
Jonathan Weksler,Radicle Health,Radicle Health-36-CPQ-SF-NAM-CP,Won,24/04/2026,27/01/2026,New Business - Competitive Displacement,USD,41040,Salesforce CRM,North America,,MM,1-Commit,,Referral + Partners,Partners,01/03/2026,0016Q00001oub48
Becky Gilor,Abrigo,Abrigo-138-CPQ/AI-SF-NAM,Won,25/04/2026,23/10/2025,New Business - Competitive Displacement,USD,179460,Salesforce CRM,North America,,Enterprise,1-Commit,,Inbound,Inbound,28/10/2025,0014P00002SssGF
Ivan Brin,Guidde,Guidde-30-Q2C-HS-IL,Won,27/04/2026,15/01/2026,New Business,USD,59400,Hubspot CRM,North America,Yes,MM,1-Commit,,Executive,Other,02/02/2026,001Rn00000WlrMn
Ivan Brin,HotelREZ Hotels & Resorts,HotelREZ Hotels & Resorts-10-CPQ-SF-EMEA,Won,27/04/2026,23/03/2026,New Business,USD,23684.21,Salesforce CRM,UK/Ireland,No,SMB,1-Commit,,Inbound,Inbound,04/04/2026,0014P00002wMxnp
Boaz Buch,CloudPay,CloudPay-60-CPQ-HS-EMEA,Won,28/04/2026,19/08/2025,New Business,USD,89280,Hubspot CRM,UK/Ireland,,MM,1-Commit,,Executive,Other,01/09/2025,0010B00001wwS59
Becky Gilor,Vanta,Vanta-400-CPQ-SF-NAM-Nue DISP,Won,28/04/2026,09/01/2026,New Business - Competitive Displacement,USD,331200,Salesforce CRM,North America,Yes,Enterprise,1-Commit,,Inbound,Inbound,15/01/2026,0016Q00001ayc4X
Dov Dewar,Bridgit,Bridgit-17-CPQ-SF-NAM,Won,29/04/2026,01/12/2025,New Business,USD,26010,Salesforce CRM,North America,Yes,SMB,1-Commit,,Inbound,Inbound,19/01/2026,0016Q00001aybpb
Becky Gilor,GPRS,GPRS-256-CPQ-SF-NAM-CP,Won,29/04/2026,23/12/2025,New Business,USD,208896,Salesforce CRM,North America,,Enterprise,1-Commit,,Referral + Partners,Partners,05/02/2026,001Rn00000iUs9j
Becky Gilor,MISTRAL AI Inc.,Mistral-120-CPQ-SF-EMEA,Won,30/04/2026,25/04/2025,New Business,USD,120960,Salesforce CRM,Rest EMEA,,Enterprise,1-Commit,,Inbound,Inbound,25/05/2025,0016Q00001mmIWG
Chris Jankos,3P Learning,3P Learning-110-CPQ-SF-ANZ-DISP,Won,30/04/2026,16/06/2025,New Business - Competitive Displacement,USD,113033.79,Salesforce CRM,ANZ,,Enterprise,1-Commit,,Referral + Customer,Other,20/06/2025,0014P00002wMw1X
Boaz Buch,Coveo Solutions Inc.,Coveo-60-CPQ-SF-NAM-CP,Won,30/04/2026,03/09/2025,New Business,USD,66960,Salesforce CRM,North America,Yes,MM,1-Commit,,Referral + Partners,Partners,13/01/2026,0010B00001wwSBq
Becky Gilor,"Jama Software, Inc.",Jama Software-66-CPQ-SF-DISP-NAM-CP,Won,30/04/2026,20/10/2025,New Business - Competitive Displacement,USD,75240,Salesforce CRM,North America,Yes,MM,1-Commit,,Referral + Partners,Partners,06/11/2025,0010B00001wwTL3
Becky Gilor,"Cockroach Labs, Inc.",Cockroach Labs-90-CPQ-SF-DISP-NAM,Won,30/04/2026,11/12/2025,New Business - Competitive Displacement,USD,97200,Salesforce CRM,North America,Yes,Enterprise,1-Commit,,Executive,Other,14/12/2025,0014P00002wMPbL
Dov Dewar,RamSoft,RamSoft-24-CPQ-HS-NAM,Won,30/04/2026,31/01/2026,New Business - Competitive Displacement,USD,31680,Hubspot CRM,North America,Yes,SMB,1-Commit,,Inbound,Inbound,12/03/2026,0010B000021h0DQ
Dov Dewar,Coconut Software,Coconut Software-21-CPQ-SF-NAM,Won,30/04/2026,03/02/2026,New Business,USD,30000,Salesforce CRM,North America,Yes,SMB,1-Commit,,Inbound,Inbound,11/02/2026,0014P00002wMT9k
Becky Gilor,Mitek Systems Inc.,Mitek Systems-45-CPQ-SF-NAM,Won,30/04/2026,17/02/2026,New Business,USD,32400,Salesforce CRM,North America,,MM,1-Commit,,Inbound,Inbound,25/02/2026,0010B000021h0Az
Becky Gilor,Foundry,Foundry-100-CPQ-HS-NAM,Won,30/04/2026,02/03/2026,New Business,USD,100000,Hubspot CRM,North America,,Enterprise,1-Commit,,Outbound,Outbound,31/03/2026,0016Q00001xaUac
Dov Dewar,The Learning Network,The Learning Network-10-Q2C-HS-NAM,Won,30/04/2026,10/03/2026,New Business,USD,30000,Hubspot CRM,North America,,SMB,2-Strong Upside,,Inbound,Inbound,30/03/2026,001Rn00000vfvps
Chris Jankos,RMS The Hospitality Cloud,RMS The Hospitality Cloud-30-CPQ-HS-ANZ,Won,30/04/2026,13/03/2026,New Business,USD,37240.69,Hubspot CRM,ANZ,,MM,1-Commit,,Referral + Partner Stores,Partners,23/03/2026,0010B000021h0fQ
Ivan Brin,Propelus,Propelus-15-CPQ-HS-NAM,Won,30/04/2026,23/03/2026,New Business,USD,20700,Hubspot CRM,North America,Yes,SMB,1-Commit,,Inbound,Inbound,23/03/2026,001Rn00000KiZ0B
Chris Jankos,Nightfall,Nightfall-20-CPQ-SF-NAM-DISP,Won,30/04/2026,07/04/2026,New Business - Competitive Displacement,USD,20400,Salesforce CRM,North America,Yes,SMB,1-Commit,,Inbound,Inbound,09/04/2026,0014P00002wMOTx
Ivan Brin,LightRiver Technologies,LightRiver Technologies-35-CPQ-SF-NAM,Won,30/04/2026,16/04/2026,New Business,USD,42000,Salesforce CRM,North America,No,MM,1-Commit,,Inbound,Inbound,20/04/2026,0014P00002wMEPw
Jonathan Weksler,Impiricus,Impiricus-25-CPQ-HS-NAM,Won,09/05/2026,12/04/2026,New Business,USD,37500,Hubspot CRM,North America,Yes,SMB,2-Strong Upside,,Inbound,Inbound,14/04/2026,001Rn0000162lNT
Nathan Goldstein,Coder,Coder-40-CPQ-SF DISP-NAM,Won,15/05/2026,28/04/2026,New Business - Competitive Displacement,USD,57600,Salesforce CRM,North America,Yes,MM,1-Commit,,Sales Direct,Other,29/04/2026,0014P00002wMFLG
Dov Dewar,CameraMatics,CameraMatics-40-CPQ-SF-EMEA-DISP,Won,19/05/2026,05/03/2026,New Business,USD,115552.94,Salesforce CRM,UK/Ireland,Yes,MM,1-Commit,,Inbound,Inbound,06/03/2026,001Rn00000BKHKV
Boaz Buch,Wingify Software Private Limited,VWO-CPQ-160-SF-India,Won,25/05/2026,09/02/2026,New Business,USD,79680,Salesforce CRM,India,Yes,Enterprise,1-Commit,,Sales Direct,Other,23/02/2026,0016Q00001mnqaI
Nathan Goldstein,GoGlobal GEO Limited,GoGlobal Technologies-50-CPQ-HS-APAC,Won,28/05/2026,29/12/2025,New Business,USD,39000,Hubspot CRM,Japan,No,MM,2-Strong Upside,,Sales Direct,Other,29/12/2025,001Rn00000e6bDy
Becky Gilor,Eve Legal,Eve Legal-100-CPQ-HS-NAM-DISP,Won,29/05/2026,24/04/2026,New Business - Competitive Displacement,USD,75600,Hubspot CRM,North America,Yes,Enterprise,1-Commit,,Sales Direct,Other,26/04/2026,001Rn000017nP2Z
Chris Jankos,Onetrak Pty,OneTrak-18-CPQ-HS-AU-CP,Won,29/05/2026,01/05/2026,New Business,USD,23946.04,Salesforce CRM,ANZ,,SMB,4-Longshot,,Referral + HubSpot,Partners,04/05/2026,001Rn000013LpG1
Boaz Buch,IFS,IFS-400-CPQ-HS-EMEA-CP,Selected Vendor,31/05/2026,09/02/2026,New Business,USD,350117.65,Hubspot CRM,North America,Yes,Enterprise,2-Strong Upside,,Referral + HubSpot,Partners,09/02/2026,0016Q00001dh0f1
Boaz Buch,"DigitalOcean, LLC",DigitalOcean-40-CPQ-SF-NAM,Won,03/06/2026,18/03/2026,New Business,USD,67200,Salesforce CRM,North America,Yes,MM,1-Commit,,Inbound,Inbound,14/04/2026,0014P00002wMMc8
Rebecca Gerger,Traction Rec,Traction Rec-10-CPQ-SF-NAM,Value Proven,05/06/2026,31/03/2026,New Business,USD,18000,Salesforce CRM,North America,Yes,SMB,4-Longshot,To Be Lost,Inbound,Inbound,16/04/2026,001Rn000014qwEo
Chris Jankos,Lumistry,Lumistry-25-CPQ-SF-NAM,Won,05/06/2026,26/05/2026,New Business,USD,30000,Salesforce CRM,North America,Yes,SMB,5 - Not Projected,,Inbound,Inbound,28/05/2026,001Rn00000EoGnZ
Rebecca Gerger,Thirdfort Limited,Thirdfort-15-CPQ-SF-EMEA,Won,10/06/2026,09/04/2026,New Business,USD,29189.19,Salesforce CRM,UK/Ireland,Yes,SMB,2-Strong Upside,,Inbound,Inbound,16/04/2026,0016Q00001ouhdx
Jonathan Weksler,Akkadian Labs,Akkadian Labs-10-CPQ-HS-NAM,Won,10/06/2026,30/04/2026,New Business - Competitive Displacement,USD,18000,Hubspot CRM,North America,Yes,SMB,5 - Not Projected,,Inbound,Inbound,07/05/2026,0014P00002wMN2K
Jonathan Weksler,Xref,Xref-20-CPQ-SF-ANZ,Value Proven,12/06/2026,25/05/2026,New Business,USD,86589.93,Salesforce CRM,ANZ,,SMB,4-Longshot,,Inbound,Inbound,25/05/2026,0014P00002wMw5t
Gilad Hemsani,Supio,Supio-40-CPQ-HS-NAM,Selection Started,14/06/2026,13/05/2026,New Business,USD,59520,Hubspot CRM,North America,,MM,4-Longshot,,Inbound,Inbound,,001Rn00000Qz0iT
Boaz Buch,In Place Machining Company,In Place Machining Company-20-CPQ-HS-NAM-CP,Won,16/06/2026,15/06/2026,New Business,USD,36000,Hubspot CRM,North America,,SMB,5 - Not Projected,,Referral + Partners,Partners,,001Rn00000AcrTm
Becky Gilor,"Mixpanel, Inc.",Mixpanel-150-CPQ-SF DISP-NAM,Won,18/06/2026,24/03/2026,New Business - Competitive Displacement,USD,102600,Salesforce CRM,North America,Yes,Enterprise,1-Commit,,Inbound,Inbound,27/03/2026,0010B00001wwTNd
Jonathan Weksler,Ridgeline,Ridgeline-25-CPQ-SF-NAM,Value Proven,19/06/2026,09/04/2026,New Business,USD,45000,Salesforce CRM,North America,,SMB,4-Longshot,,Inbound,Inbound,16/04/2026,0016Q00001ifxoF
Benjamin Friedman,Pylon,Pylon-30-CPQ-SF-NAM-DISP,Selection Started,19/06/2026,12/05/2026,New Business,USD,63000,Salesforce,North America,,MM,5 - Not Projected,To Be Lost,Outbound,Outbound,13/05/2026,001Rn00000kVOLJ
Boaz Buch,Sojern,Sojern-275-CPQ-SF-NAM-SF DISP,Won,19/06/2026,02/02/2026,New Business - Competitive Displacement,USD,165000,Salesforce CRM,North America,Yes,Enterprise,1-Commit,,Outbound,Outbound,03/02/2026,0010B000021hadi
Becky Gilor,Michelli Weighing & Measurement,Michelli Weighing-68-CPQ-HS-NAM-CP,Selection Started,25/06/2026,13/10/2025,New Business,USD,93600,,North America,,MM,5 - Not Projected,,Referral + HubSpot,Partners,22/10/2025,001Rn00000mdH3s
Rebecca Gerger,Watchmaker Genomics,Watchmaker Genomics-40-CPQ-SF-NAM,Value Proven,26/06/2026,19/04/2026,New Business,USD,48000,Salesforce CRM,North America,No,MM,3-Upside,,Inbound,Inbound,30/04/2026,001Rn00000m6aV5
Jonathan Weksler,Embed,Embed-13-CPQ-HS-AU-CP,Sales Qualified,26/06/2026,26/05/2026,New Business,USD,23400,,North America,,SMB,4-Longshot,To Be Lost,Referral + HubSpot,Partners,27/05/2026,0016Q00001ouj5X
Becky Gilor,Coralogix,Coralogix-115-QTR-SF-IL,Value Proven,30/06/2026,25/03/2025,New Business,USD,100000,Salesforce CRM,Israel,,SMB,1-Commit,,Combined - Outbound + 6sense/Leadfeeder,Outbound,28/04/2025,0014P00003Y6Pl1
Boaz Buch,Neptune Software,Neptune Software-30-Q2C-SF-EMEA,Value Proven,30/06/2026,04/12/2025,New Business,USD,108000,Salesforce CRM,Nordics,,MM,3-Upside,,Outbound,Outbound,17/12/2025,0014P00002wMyDI
Ivan Brin,Port IO,Port IO-35-Q2C-HS-IL,Selection Started,30/06/2026,29/12/2025,New Business,USD,72219,Hubspot CRM,North America,Yes,MM,3-Upside,,Outbound,Outbound,06/01/2026,0016Q00001xXqqh
Jonathan Weksler,NEVARIS Bausoftware,NEVARIS Bausoftware-20-Q2R-SF-DACH,Sales Qualified,30/06/2026,01/01/2026,New Business,USD,55813.95,Salesforce CRM,DACH,,SMB,5 - Not Projected,,Outbound,Outbound,12/02/2026,0014P00002wMwyh
Nathan Goldstein,Paddle,Paddle-25-CPQ-SF-UK,Sales Qualified,30/06/2026,05/01/2026,New Business,USD,60810.81,Salesforce CRM,UK/Ireland,Yes,SMB,5 - Not Projected,To Be Lost,Outbound,Outbound,23/01/2026,0014P00002wMxgh
Boaz Buch,Chainguard,Chainguard-270-CPQ-SF-NAM,Value Proven,30/06/2026,07/01/2026,New Business - Competitive Displacement,USD,194400,Salesforce CRM,North America,,Enterprise,5 - Not Projected,,,,25/01/2026,0016Q00001zG6rG
Nathan Goldstein,Niche,Niche-45-CPQ-SF DISP-NAM,Sales Qualified,30/06/2026,03/02/2026,New Business - Competitive Displacement,USD,48600,Salesforce CRM,North America,Yes,MM,5 - Not Projected,,Inbound,Inbound,10/03/2026,0014P00002wMHDK
Boaz Buch,willhaben,willhaben-90-Q2R-SF/HS-DACH,Value Proven,30/06/2026,10/03/2026,New Business,USD,193400,Microsoft Dynamics CRM,DACH,Yes,Enterprise,2-Strong Upside,,Inbound,Inbound,12/03/2026,0016Q00001vRndb
Nathan Goldstein,Solix Technologies,Solix Technologies-CPQ-30-HS-NAM,Sales Qualified,30/06/2026,11/03/2026,New Business,USD,54000,Hubspot CRM,North America,Yes,MM,5 - Not Projected,,Outbound,Outbound,11/03/2026,0014P000029gwjv
Benjamin Friedman,Compass Education,Compass Education-30-CPQ-HS-ANZ-CP,Value Proven,30/06/2026,25/03/2026,New Business,USD,31856.12,Zoho CRM,ANZ,Yes,MM,4-Longshot,,Referral + Partners,Partners,25/03/2026,001Rn000007pWMU
Becky Gilor,SevenRooms,Sevenrooms-55-CPQ-SF-NAM,Sales Qualified,30/06/2026,25/03/2026,New Business,USD,66000,Salesforce CRM,North America,Yes,MM,Lost,To Be Lost,Outbound,Outbound,29/03/2026,0014P00002wMQEo
Gilad Hemsani,InvGate,InvGate-30-HS-CPQ-LATAM,Value Proven,30/06/2026,26/03/2026,New Business,USD,51300,Unknown,LATAM,,MM,4-Longshot,To Be Lost,Inbound,Inbound,15/04/2026,0016Q00001oucwn
Jonathan Weksler,Bectran,Bectran-16-CPQ-SF-NAM,Sales Qualified,30/06/2026,09/04/2026,New Business,USD,23040,Salesforce CRM,North America,,SMB,5 - Not Projected,To Be Lost,Inbound,Inbound,19/04/2026,0014P00002wMJuZ
Boaz Buch,DXC Eclipse,DXC Eclipse-100-CPQ-SF-NAM,Sales Qualified,30/06/2026,17/04/2026,New Business,USD,132000,Salesforce CRM,North America,No,Enterprise,5 - Not Projected,,Inbound,Inbound,20/04/2026,001Rn00000EBifO
Jonathan Weksler,LocalStack,LocalStack-15-CPQ-HS-DACH,Selection Started,30/06/2026,20/04/2026,New Business,USD,50200,Hubspot CRM,DACH,Yes,SMB,4-Longshot,,Inbound,Inbound,23/04/2026,001Rn000016N7Q4
Dov Dewar,nClouds,nClouds-35-CPQ-SF-NAM,Value Proven,30/06/2026,22/04/2026,New Business,USD,37800,Salesforce CRM,North America,No,MM,5 - Not Projected,,Inbound,Inbound,24/04/2026,0016Q00001az7r7
Boaz Buch,Ashby,Ashby-CPQ-HS-76-NAM,Value Proven,30/06/2026,23/04/2026,New Business,USD,91200,Hubspot CRM,North America,Yes,Enterprise,3-Upside,,Sales Direct,Other,30/04/2026,0016Q00001ouZQt
Ari Davidowitz,SentiLink,SentiLink-25-CPQ-SF-NAM,Selection Started,30/06/2026,30/04/2026,New Business,USD,45000,Salesforce CRM,North America,,SMB,5 - Not Projected,,Outbound,Outbound,05/05/2026,0016Q00001Wpxh5
Ari Davidowitz,Together AI,Together AI-11-CPQ-SF-NAM,Selection Started,30/06/2026,01/05/2026,New Business,USD,19800,Salesforce CRM,North America,Yes,SMB,5 - Not Projected,,Inbound,Inbound,05/05/2026,001Rn00000X6fvB
Ivan Brin,AUTOMATED SYSTEMS GROUP LIMITED,ASL Group-20-CPQ-SF-EMEA,Selection Started,30/06/2026,12/05/2026,New Business,USD,30600,Salesforce CRM,UK/Ireland,No,SMB,4-Longshot,,Inbound,Inbound,12/05/2026,0016Q00001dh0W3
Jonathan Weksler,Intradiem,Intradiem-30-CPQ-SF-NAM,Selection Started,30/06/2026,14/05/2026,New Business,USD,40500,Salesforce CRM,North America,Yes,MM,4-Longshot,,Inbound,Inbound,19/05/2026,0010B00001wwT8R
Jonathan Weksler,Exasol,Exasol-35-SF-Q2C-DACH-DISP,Sales Qualified,30/06/2026,25/05/2026,New Business,USD,128520,,DACH,Yes,MM,5 - Not Projected,,Inbound,Inbound,27/05/2026,0010B00001wwTBk
Jonathan Weksler,Chronus,Chronus-13-CPQ-SF-NAM,Sales Qualified,30/06/2026,09/06/2026,New Business,USD,18096,Salesforce CRM,North America,Yes,SMB,4-Longshot,,Inbound,Inbound,09/06/2026,0010B000021hbWw
Becky Gilor,TriMech Solutions,TriMech Solutions-100-CPQ-SF-NAM,Selection Started,06/07/2026,14/04/2026,New Business,USD,100000,Salesforce CRM,North America,Yes,Enterprise,4-Longshot,,Outbound,Outbound,17/05/2026,0014P000037OWR2
Rebecca Gerger,Omnidian,Omnidian-35-SF-CPQ-EST-DISP,Sales Qualified,14/07/2026,04/06/2026,New Business - Competitive Displacement,USD,63000,Hubspot CRM,North America,,MM,5 - Not Projected,,Outbound,Outbound,08/06/2026,0014P00002wN229
Becky Gilor,Active Network,Active Network-80-SF-CPQ-NAM,Sales Qualified,15/07/2026,11/05/2026,New Business,USD,96000,Salesforce CRM,North America,,Enterprise,5 - Not Projected,,Outbound,Outbound,03/06/2026,0014P00002wMAWS
Boaz Buch,LevelBlue,LevelBlue-200-CPQ-NAM,Selection Started,22/07/2026,02/02/2026,New Business,USD,528000,,North America,,Enterprise,4-Longshot,,Referral + Customer,Other,23/02/2026,001Rn00000l6WJv
Becky Gilor,Bizzdesign,BiZZdesign-100-CPQ-SF-EMEA,Selected Vendor,22/07/2026,11/02/2026,New Business,USD,125581.4,Salesforce CRM,Rest EMEA,,Enterprise,Lost,To Be Lost,Inbound,Inbound,25/02/2026,0014P00002wMwbj
Rebecca Gerger,Metaview,Metaview-40-CPQ-SF-NAMER,Selection Started,22/07/2026,18/04/2026,New Business,USD,48000,Salesforce CRM,UK/Ireland,Yes,MM,2-Strong Upside,,Inbound,Inbound,22/04/2026,0016Q00001aybue
Boaz Buch,Assessio,Assessio-100-CPQ-HS-EMEA,Sales Qualified,28/07/2026,26/05/2026,New Business,USD,86400,Hubspot CRM,Nordics,,Enterprise,5 - Not Projected,,Sales Direct,Other,28/05/2026,0016Q00001igfqS
Becky Gilor,Pondurance,Pondurance-25-CPQ-SF-NAM-CP,Selection Started,31/07/2026,25/07/2024,New Business,USD,32000,Salesforce CRM,North America,,SMB,5 - Not Projected,,Referral + Partners,Partners,31/07/2024,0016Q00001ayby0
Ivan Brin,Brainsway,Brainsway-10-CPQ-SF-IL-DISP,Selected Vendor,31/07/2026,13/08/2025,New Business - Competitive Displacement,USD,18000,Salesforce CRM,Israel,,SMB,2-Strong Upside,,Referral - Prior Customer,Other,13/08/2025,0014P00003CGFtK
Boaz Buch,Verizon Connect,Verizon Connect-700-CPQ-SF-NAM-DISP,Value Proven,31/07/2026,15/09/2025,New Business - Competitive Displacement,USD,604800,Salesforce CRM,North America,Yes,Enterprise,3-Upside,,Inbound,Inbound,30/09/2025,0016Q00001ouVzd
Becky Gilor,Cvent,Cvent-843-CPQ-SF-NAM-SF DISP,Sales Qualified,31/07/2026,18/11/2025,New Business - Competitive Displacement,USD,100000,Salesforce CRM,North America,Yes,Enterprise,5 - Not Projected,,Events,Other,26/11/2025,0010B000021h04y
Nathan Goldstein,Benevity,Benevity-60-CPQ-SF-NAM-SF CPQ,Selected Vendor,31/07/2026,19/11/2025,New Business - Competitive Displacement,USD,43200,Salesforce CRM,North America,Yes,MM,4-Longshot,,Executive,Other,25/11/2025,0010B000020IrjP
Becky Gilor,HCL Software,HCL Software-200-CPQ-MD-APAC-RFI,Value Proven,31/07/2026,06/01/2026,New Business,USD,10800,Microsoft Dynamics CRM,India,Yes,Enterprise,5 - Not Projected,,Inbound,Inbound,04/02/2026,001Rn000008ArvT
Ari Davidowitz,AVID Center,Avid Center-15-CPQ-SF DISP-NAM,Selection Started,31/07/2026,21/01/2026,New Business - Competitive Displacement,USD,18000,Salesforce CRM,North America,Yes,SMB,5 - Not Projected,,Inbound,Inbound,26/01/2026,0016Q00001mmhG9
Nathan Goldstein,Momentus Technologies,Momentus Technologies-CPQ-50-SF DISP-NAM,Sales Qualified,31/07/2026,22/01/2026,New Business - Competitive Displacement,USD,49500,Salesforce CRM,North America,Yes,MM,5 - Not Projected,,Inbound,Inbound,28/01/2026,0010B00001sTNBr
Ivan Brin,Tyk,Tyk-20-CPQ-HS-UK,Value Proven,31/07/2026,02/02/2026,New Business,USD,41351.35,Salesforce CRM,UK/Ireland,,SMB,4-Longshot,To Be Lost,Sales Direct,Other,16/02/2026,0016Q00001igS6f
Boaz Buch,Inovalon,Inovalon-330-CPQ-SF DISP-NAM,Value Proven,31/07/2026,04/02/2026,New Business - Competitive Displacement,USD,316800,Salesforce CRM,North America,Yes,Enterprise,3-Upside,,Inbound,Inbound,16/02/2026,0010B000021haaA
Becky Gilor,Five9,Five9-500-CPQ-SF-NAM-DISP,Sales Qualified,31/07/2026,26/02/2026,New Business - Competitive Displacement,USD,100000,Salesforce CRM,North America,Yes,Enterprise,5 - Not Projected,,Inbound,Inbound,10/03/2026,0010B00001zFmPP
Nathan Goldstein,TestMu,TestMu AI-70-CPQ-SF-NAM-CP,Sales Qualified,31/07/2026,27/02/2026,New Business,USD,42000,Salesforce CRM,North America,Yes,MM,4-Longshot,,Referral + Partners,Partners,27/03/2026,0014P00002wMN6w
Becky Gilor,Construction Resources,Construction Resources-300-CPQ-SF-NAM,Sales Qualified,31/07/2026,27/02/2026,New Business,USD,100000,Salesforce CRM,North America,No,Enterprise,5 - Not Projected,,Inbound,Inbound,30/04/2026,0016Q00001zH1y3
Boaz Buch,Similarweb,Similarweb-300-Q2R-SF-IL-CP,Selected Vendor,31/07/2026,05/03/2026,New Business,USD,412400,Salesforce CRM,North America,,Enterprise,2-Strong Upside,,Referral + Partners,Partners,30/03/2026,0010B00001wvh97
Ivan Brin,WisdomAI,WisdomAI-20-CPQ-HS-NAM,Selected Vendor,31/07/2026,14/03/2026,New Business - Competitive Displacement,USD,32000,Hubspot CRM,North America,Yes,SMB,2-Strong Upside,,Inbound,Inbound,16/03/2026,001Rn00000thaOw
Becky Gilor,Hallo,Hallo-100-CPQ-SFDC-EU-DISP-CP,Sales Qualified,31/07/2026,18/03/2026,New Business - Competitive Displacement,USD,128930.23,Salesforce CRM,Rest EMEA,,Enterprise,4-Longshot,,Referral + Partners,Partners,31/03/2026,001Rn00000qGZS6
Becky Gilor,OneTrust,OneTrust-200-CPQ-SF DISP-NAM,Sales Qualified,31/07/2026,18/03/2026,New Business - Competitive Displacement,USD,100000,Salesforce CRM,North America,Yes,Enterprise,5 - Not Projected,,Inbound,Inbound,31/03/2026,0010B00001zgojJ
Nathan Goldstein,Prompt Health,Prompt Health-50-CPQ-HS-NAM,Sales Qualified,31/07/2026,24/03/2026,New Business,USD,90000,Hubspot CRM,North America,Yes,MM,5 - Not Projected,,Inbound,Inbound,26/03/2026,001Rn000013yhJF
Nathan Goldstein,SiteMinder,SiteMinder-220-CPQ-SF-ANZ,Selection Started,31/07/2026,26/03/2026,New Business,USD,240258.99,Salesforce CRM,ANZ,,Enterprise,5 - Not Projected,,Outbound,Outbound,14/04/2026,0014P00002wMvWJ
Becky Gilor,Gainsight,Gainsight-140-CPQ-SF DISP-NAM,Sales Qualified,31/07/2026,28/03/2026,New Business - Competitive Displacement,USD,140400,Salesforce CRM,North America,Yes,Enterprise,4-Longshot,,Inbound,Inbound,08/04/2026,0010B00001wwP6e
Becky Gilor,Panaya,Panaya-28-CPQ-SF-EMEA-DISP,Sales Qualified,31/07/2026,30/03/2026,New Business - Competitive Displacement,USD,33600,Salesforce CRM,Israel,Yes,MM,5 - Not Projected,,Outbound,Outbound,30/04/2026,001U000000ur6Jc
Boaz Buch,Acumatica,Acumatica-30-300Partner-Q2C-HS-NAM,Value Proven,31/07/2026,31/03/2026,New Business,USD,565200,Salesforce CRM,North America,Yes,MM,5 - Not Projected,,Inbound,Inbound,02/04/2026,0010B00001wwRhM
Ivan Brin,Reflect Health,Reflect Health-15-CPQ-HS-NAM-CP,Sales Qualified,31/07/2026,06/04/2026,New Business,USD,21600,Hubspot CRM,North America,,SMB,5 - Not Projected,To Be Lost,Referral + Partners,Partners,11/05/2026,001Rn000015Ulfd
Becky Gilor,Certasite,Certasite-75-CPQ-HS-NA,Selected Vendor,31/07/2026,06/04/2026,New Business,USD,108000,Hubspot CRM,North America,No,MM,5 - Not Projected,,Outbound,Outbound,07/04/2026,0016Q00001c3tHV
Dov Dewar,Tunnldata,Tunnldata-15-CPQ-HS-NAM,Selected Vendor,31/07/2026,07/04/2026,New Business,USD,24000,Hubspot CRM,North America,Yes,SMB,2-Strong Upside,,Inbound,Inbound,15/04/2026,0016Q00001dMyuF
Ivan Brin,Accutive Security,Accutive Security-12-CPQ-SF-NAM-CP,Sales Qualified,31/07/2026,10/04/2026,New Business,USD,17280,Salesforce CRM,North America,,SMB,5 - Not Projected,,Referral + Partners,Partners,03/06/2026,001Rn00001661Wy
Nathan Goldstein,Dataprise,Dataprise-30-CPQ-MSD-NAM,Sales Qualified,31/07/2026,12/04/2026,New Business - Competitive Displacement,USD,108000,Microsoft Dynamics CRM,North America,No,Enterprise,5 - Not Projected,,Inbound,Inbound,30/04/2026,0014P00003CF2ih
Dov Dewar,Numa,Numa-40-CPQ-HS-NAM,Value Proven,31/07/2026,14/04/2026,New Business,USD,40000,Hubspot CRM,North America,,MM,4-Longshot,To Be Lost,Referral + Partners,Partners,06/05/2026,001Rn00000cdpoG
Dov Dewar,ITC Systems,ITC Systems-7-Q2C-SF DISP-NAM,Selection Started,31/07/2026,17/04/2026,New Business - Competitive Displacement,USD,36000,Salesforce CRM,North America,No,SMB,5 - Not Projected,,Inbound,Inbound,22/04/2026,0016Q00001oud9y
Nathan Goldstein,DataSnipper,DataSnipper-72-CPQ-HS-EMEA,Sales Qualified,31/07/2026,22/04/2026,New Business,USD,214534.88,Hubspot CRM,Rest EMEA,Yes,Enterprise,5 - Not Projected,,Inbound,Inbound,24/04/2026,0016Q00001dgwqK
Nathan Goldstein,Shopware,Shopware-25-CPQ-HS-DACH,Sales Qualified,31/07/2026,22/04/2026,New Business,USD,27837.21,Hubspot CRM,DACH,Yes,MM,4-Longshot,To Be Lost,Inbound,Inbound,24/04/2026,001Rn00000Hkrud
Becky Gilor,Acquia,Acquia-169-CPQ-SF-NAM,Selection Started,31/07/2026,27/04/2026,New Business,USD,100000,Salesforce CRM,North America,Yes,Enterprise,4-Longshot,,Inbound,Inbound,12/05/2026,0010B00001zFmPA
Becky Gilor,Airtable,Airtable-150-CPQ-SF-NAM-DISP,Sales Qualified,31/07/2026,28/04/2026,New Business - Competitive Displacement,USD,228000,Salesforce CRM,North America,Yes,Enterprise,5 - Not Projected,,Executive,Other,12/05/2026,0014P00002zwoT1
Nathan Goldstein,Chainalysis,Chainalysis-300-CPQ-SF-DISP-NAM-RFP,Sales Qualified,31/07/2026,28/04/2026,New Business - Competitive Displacement,USD,14400,Salesforce CRM,North America,,SMB,5 - Not Projected,,Inbound,Inbound,07/05/2026,0014P00002wMO75
Boaz Buch,Veson Nautical,Veson Nautical-85-CPQ-SF-NAM-SF CPQ,Selection Started,31/07/2026,28/04/2026,New Business - Competitive Displacement,USD,51600,Salesforce CRM,North America,Yes,MM,4-Longshot,,Outbound,Outbound,05/05/2026,0010B000021hb8b
Ivan Brin,Uniqode,Uniqode-10-CPQ-SF-NAM,Sales Qualified,31/07/2026,28/04/2026,New Business,USD,18000,Salesforce CRM,North America,Yes,SMB,5 - Not Projected,,Inbound,Inbound,07/05/2026,001Rn00000Q1SeS
Becky Gilor,Employ,Employ-83-CPQ-SF-NAM-SF CPQ,Sales Qualified,31/07/2026,29/04/2026,New Business - Competitive Displacement,USD,99600,Salesforce CRM,North America,,Enterprise,5 - Not Projected,,Outbound,Outbound,20/05/2026,0016Q00001ifTMm
Gilad Hemsani,Nomentia,Nomentia-33-CPQ-SF DISP-EMEA,Selection Started,31/07/2026,29/04/2026,New Business - Competitive Displacement,USD,62162.79,Salesforce CRM,Nordics,Yes,MM,5 - Not Projected,,Inbound,Inbound,06/05/2026,0016Q00001ouVXF
Clifton Mhlanga,Harrows,Harrows-10-CPQ-HS-ANZ,Selected Vendor,31/07/2026,01/05/2026,New Business,USD,21582.73,Hubspot CRM,ANZ,,SMB,3-Upside,,Inbound,Inbound,08/05/2026,001Rn000017muOQ
Ivan Brin,DSMN8,DSMN8-10-Q2C-SF-EMEA,Sales Qualified,31/07/2026,01/05/2026,New Business,USD,20270.27,Salesforce CRM,UK/Ireland,Yes,SMB,5 - Not Projected,,Inbound,Inbound,08/05/2026,001Rn00000aQsHm
Benjamin Friedman,Flexi Software,Flexi Software-10-CPQ-SF-NAM-AE Training,Selection Started,31/07/2026,02/05/2026,New Business,USD,18000,Salesforce CRM,North America,Yes,SMB,4-Longshot,To Be Lost,Inbound,Inbound,04/05/2026,0014P000029gxEB
Becky Gilor,MarginEdge,MarginEdge-91-CPQ-SF-NAM,Sales Qualified,31/07/2026,03/05/2026,New Business,USD,107100,Salesforce CRM,North America,Yes,MM,5 - Not Projected,To Be Lost,Inbound,Inbound,13/05/2026,0016Q00001aybu6
Jonathan Weksler,Enso,Enso Groupe-20-QTR-SFDC-EU-DISP-CP,Selection Started,31/07/2026,04/05/2026,New Business - Competitive Displacement,USD,101581.4,Salesforce CRM,Rest EMEA,,SMB,4-Longshot,,Referral + Partners,Partners,05/05/2026,001Rn00000bKeHB
Nathan Goldstein,LEAP Legal Software,LEAP Legal Software-20-CPQ-SF-NAM,Sales Qualified,31/07/2026,04/05/2026,New Business,USD,90000,Salesforce CRM,ANZ,Yes,SMB,5 - Not Projected,To Be Lost,Inbound,Inbound,06/05/2026,0016Q00001a8Ebw
Nathan Goldstein,Incode,Incode-55-CPQ-SF DISP-NAM,Sales Qualified,31/07/2026,05/05/2026,New Business - Competitive Displacement,USD,108000,Salesforce CRM,North America,Yes,MM,5 - Not Projected,,Inbound,Inbound,03/06/2026,0014P00002wMPLt
Ivan Brin,Stego Industries,Stego Industries-40-CPQ-SF-NAM,Sales Qualified,31/07/2026,05/05/2026,New Business,USD,72000,Salesforce CRM,North America,No,MM,5 - Not Projected,To Be Lost,Inbound,Inbound,07/05/2026,0014P00002wMCgc
Boaz Buch,The Channel Company,The Channel Company-75-CPQ-SF DISP-NAM,Selection Started,31/07/2026,06/05/2026,New Business - Competitive Displacement,USD,99000,Salesforce CRM,North America,No,MM,5 - Not Projected,,Inbound,Inbound,13/05/2026,0014P000037OWQ5
Ivan Brin,Inspiren,Inspiren-24-CPQ-SF-NAM,Selection Started,31/07/2026,11/05/2026,New Business,USD,43200,Salesforce CRM,North America,Yes,SMB,5 - Not Projected,,Inbound,Inbound,01/06/2026,001Rn000019tkB0
Jonathan Weksler,Quorso,Quorso-10-CPQ-HS-EMEA,Sales Qualified,31/07/2026,12/05/2026,New Business,USD,14400,Hubspot CRM,UK/Ireland,Yes,SMB,5 - Not Projected,,Inbound,Inbound,03/06/2026,001Rn00000BKNU9
Ivan Brin,Demco,Demco-75-CPQ-SF-NAM,Selected Vendor,31/07/2026,12/05/2026,New Business,USD,69300,Salesforce CRM,North America,Yes,MM,2-Strong Upside,,Inbound,Inbound,18/05/2026,0014P000029gwFd
Ivan Brin,Metrc,Metrc-25-CPQ-SF-NAM,Selected Vendor,31/07/2026,12/05/2026,New Business - Competitive Displacement,USD,45000,Salesforce CRM,North America,Yes,SMB,3-Upside,,Inbound,Inbound,13/05/2026,0016Q00001ouhBJ
Dov Dewar,The National College,The National College-30-CPQ-HS-EMEA,Sales Qualified,31/07/2026,12/05/2026,New Business,USD,27027.03,Hubspot CRM,UK/Ireland,Yes,MM,5 - Not Projected,,Inbound,Inbound,14/05/2026,001Rn00000IfFVN
Rebecca Gerger,Barnes Group,Barnes Group-25-CPQ-SF-NAM,Sales Qualified,31/07/2026,14/05/2026,New Business,USD,45000,Salesforce CRM,North America,No,SMB,5 - Not Projected,,Inbound,Inbound,03/06/2026,0014P00002wMB3r
Nathan Goldstein,Inforcer,Inforcer-49-CPQ-HS-EMEA,Sales Qualified,31/07/2026,15/05/2026,New Business,USD,58800,Hubspot CRM,UK/Ireland,Yes,MM,2-Strong Upside,,Inbound,Inbound,19/05/2026,001Rn00000JBdmL
Becky Gilor,Edmentum,Edmentum-1OO-CPQ-SF-NAM-DISP,Sales Qualified,31/07/2026,15/05/2026,New Business - Competitive Displacement,USD,100000,,North America,Yes,Enterprise,5 - Not Projected,,Executive,Other,17/05/2026,0010B000021hZhq
Nathan Goldstein,US Signal,US Signal-50-CPQ-SF-NAM,Sales Qualified,31/07/2026,15/05/2026,New Business,USD,90000,Salesforce CRM,North America,No,MM,5 - Not Projected,,Inbound,Inbound,03/06/2026,0014P00002wMF2S
Boaz Buch,Veranex,Veranex-50-CPQ-SF-NAM,Value Proven,31/07/2026,15/05/2026,New Business,USD,67500,Salesforce CRM,North America,No,MM,3-Upside,,Inbound,Inbound,25/05/2026,001Rn00000qGT8D
Benjamin Friedman,Bipsync,Bipsync-11-Q2C-MD-NAM,Value Proven,31/07/2026,19/05/2026,New Business,USD,35040,Microsoft Dynamics CRM,North America,Yes,SMB,3-Upside,,Inbound,Inbound,26/05/2026,001Rn00000mTVuY
Clifton Mhlanga,Nueva Solutions,Nueva Solutions-10-CPQ-HS-ANZ,Sales Qualified,31/07/2026,25/05/2026,New Business,USD,14400,Hubspot CRM,ANZ,,SMB,5 - Not Projected,To Be Lost,Inbound,Inbound,27/05/2026,0016Q00001ifEGM
Nathan Goldstein,cohere,cohere-25-CPQ-SF-NAM,Sales Qualified,31/07/2026,25/05/2026,New Business,USD,21000,Salesforce CRM,North America,,SMB,5 - Not Projected,,Inbound,Inbound,26/05/2026,0016Q00001aybl8
Dov Dewar,Ardoq,Ardoq-45-CPQ-EMEA,Selection Started,31/07/2026,26/05/2026,New Business,USD,113400,Salesforce CRM,Nordics,Yes,MM,5 - Not Projected,,Outbound,Outbound,02/06/2026,0014P00002wMyDR
Becky Gilor,Coloplast,Coloplast Interventional Urology-138-CPQ-SF-EMEA,Sales Qualified,31/07/2026,27/05/2026,New Business,USD,100000,Salesforce CRM,Nordics,No,Enterprise,5 - Not Projected,,Inbound,Inbound,03/06/2026,0016Q00001if0iq
Benjamin Friedman,Wealthbox,Wealthbox-50-QTC-SF-NAM,Sales Qualified,31/07/2026,27/05/2026,New Business,USD,76500,Salesforce CRM,North America,Yes,MM,3-Upside,,Inbound,Inbound,28/05/2026,0016Q00001igqhr
Dov Dewar,Loxo,Loxo-40-CPQ-SF-EMEA,Selection Started,31/07/2026,27/05/2026,New Business,USD,75348.84,Salesforce CRM,North America,Yes,MM,5 - Not Projected,,Inbound,Inbound,27/05/2026,0016Q00001mlzMo
Benjamin Friedman,Formetco,Formetco-15-CPQ-MD-NAM,Sales Qualified,31/07/2026,27/05/2026,New Business,USD,21600,Microsoft Dynamics CRM,North America,No,SMB,5 - Not Projected,,Inbound,Inbound,17/06/2026,0016Q00001ih4wJ
Benjamin Friedman,Observepoint,Observepoint-20-CPQ-SF-NAM,Selection Started,31/07/2026,29/05/2026,New Business,USD,36000,Salesforce CRM,North America,Yes,SMB,5 - Not Projected,,Inbound,Inbound,04/06/2026,0010B00001wwT9e
Rebecca Gerger,SISU Health,SISU Health-20-CPQ-HS-EMEA,Sales Qualified,31/07/2026,29/05/2026,New Business,USD,28800,Hubspot CRM,UK/Ireland,Yes,SMB,5 - Not Projected,,Inbound,Inbound,20/06/2026,001Rn00001CUQ93
Benjamin Friedman,GetVWire,GetVWire-8-CPQ-HS-NAM,Sales Qualified,31/07/2026,29/05/2026,New Business,USD,11520,Hubspot CRM,Rest APAC,No,SMB,5 - Not Projected,,Inbound,Inbound,02/06/2026,001Rn00001CWq2U
Benjamin Friedman,Texas Airsystems,Texas Airsystems-227-CPQ-MD-NAM,Sales Qualified,31/07/2026,29/05/2026,New Business,USD,100000,Microsoft Dynamics CRM,North America,No,Enterprise,5 - Not Projected,,Inbound,Inbound,03/06/2026,0014P000029gx4E
Rebecca Gerger,Shine.fr,Shine.fr-150-CPQ-HS-FR,Sales Qualified,31/07/2026,01/06/2026,New Business,USD,46046.51,Hubspot CRM,Rest EMEA,Yes,MM,4-Longshot,,Inbound,Inbound,05/06/2026,001Rn00000Eo7cR
Nathan Goldstein,ENRX Group,ENRX Group-40-CPQ-MD-NORDICS,Sales Qualified,31/07/2026,02/06/2026,New Business,USD,46046.51,Microsoft Dynamics CRM,DACH,No,MM,3-Upside,,Inbound,Inbound,02/06/2026,001Rn000010gJvS
Nathan Goldstein,Beta Systems Software AG,Beta Systems Software AG-5-CPQ-HS-DACH,Sales Qualified,31/07/2026,02/06/2026,New Business,USD,121395.35,Hubspot CRM,DACH,Yes,SMB,5 - Not Projected,,Inbound,Inbound,03/06/2026,0016Q00001mmM1t
Jonathan Weksler,JetStream Security,JetStream Security-15-CPQ-SF-NAM,Sales Qualified,31/07/2026,02/06/2026,New Business,USD,21600,Salesforce CRM,North America,Yes,SMB,5 - Not Projected,,Inbound,Inbound,19/06/2026,001Rn00001D68pK
Ivan Brin,Framesecurity,Frame Security-30-CPQ-HS-NAM,Selected Vendor,31/07/2026,03/06/2026,New Business,USD,46000,Hubspot CRM,Israel,Yes,MM,2-Strong Upside,,Inbound,Inbound,04/06/2026,001Rn000012I6dS
Rebecca Gerger,Transcend,Transcend-45-CPQ-SF-NAM,Sales Qualified,31/07/2026,03/06/2026,New Business,USD,81000,Salesforce CRM,North America,Yes,MM,3-Upside,,Inbound,Inbound,03/06/2026,0014P00002wMNph
Jonathan Weksler,Vicon,Vicon Motion Systems-25-CPQ-UK-CP,Selected Vendor,31/07/2026,03/06/2026,New Business,USD,43200,Salesforce CRM,UK/Ireland,,SMB,2-Strong Upside,,Referral + Partners,Partners,10/06/2026,0010B000021hcJt
Benjamin Friedman,Maritimo,Maritimo-15-CPQ-HS-APAC-DISP,Sales Qualified,31/07/2026,03/06/2026,New Business - Competitive Displacement,USD,21600,Hubspot CRM,North America,No,SMB,5 - Not Projected,To Be Lost,Inbound,Inbound,04/06/2026,001Rn00001DHoGY
Benjamin Friedman,Abacus,Abacus-40-CPQ-SF-NAM-DISP-RFPg,Sales Qualified,31/07/2026,04/06/2026,New Business - Competitive Displacement,USD,32400,Salesforce CRM,North America,Yes,MM,4-Longshot,,Inbound,Inbound,08/06/2026,0014P000029gy97
Nathan Goldstein,Front,Front-48-CPQ-SF-NAM,Sales Qualified,31/07/2026,05/06/2026,New Business,USD,57600,Salesforce CRM,North America,Yes,MM,5 - Not Projected,,Inbound,Inbound,09/06/2026,001Rn00000BKDNZ
Benjamin Friedman,Placon,Placon-50-CPQ-SF-NAM,Sales Qualified,31/07/2026,05/06/2026,New Business,USD,43200,Salesforce CRM,North America,,MM,3-Upside,,Inbound,Inbound,12/06/2026,0010B000021hZBQ
Rebecca Gerger,Elevate,Elevate-35-CPQ-SF-EMEA,Sales Qualified,31/07/2026,08/06/2026,New Business,USD,85135.14,Salesforce CRM,UK/Ireland,No,MM,5 - Not Projected,,Inbound,Inbound,15/06/2026,001Rn00000JnTFj
Nathan Goldstein,Zig,Zig-30-CPQ-SFDC-DISP-EU-CP,Sales Qualified,31/07/2026,08/06/2026,New Business - Competitive Displacement,USD,54418.6,Salesforce CRM,Rest EMEA,,MM,5 - Not Projected,,Referral + Partners,Partners,11/06/2026,001Rn00000u28Cg
Nathan Goldstein,Dataminr,Dataminr-120-CPQ-SF DISP-NAM,Sales Qualified,31/07/2026,08/06/2026,New Business,USD,100000,Salesforce CRM,North America,Yes,Enterprise,5 - Not Projected,,Inbound,Inbound,12/06/2026,0010B000021h0YN
Benjamin Friedman,decagon.ai,Decagon-85-CPQ-SF-NAM,Selection Started,31/07/2026,09/06/2026,New Business,USD,48000,Salesforce CRM,North America,Yes,MM,5 - Not Projected,,Inbound,Inbound,12/06/2026,001Rn00000kfubd
Rebecca Gerger,Scale Computing,Scale Computing-85-CPQ-SF DISP-NAM,Selection Started,31/07/2026,09/06/2026,New Business - Competitive Displacement,USD,110000,Salesforce CRM,North America,Yes,Enterprise,4-Longshot,,Inbound,Inbound,10/06/2026,0010B00001wwP83
Ivan Brin,Antaros Medical,Anraros Medical-10-MSD-NORDICS,Selection Started,31/07/2026,15/06/2026,New Business,USD,20930.23,Microsoft Dynamics CRM,Nordics,,SMB,5 - Not Projected,,Inbound,Inbound,15/06/2026,001Rn00001BqJiw
Ivan Brin,M3,M3-25-CPQ-SF-NAM,Value Proven,31/07/2026,15/06/2026,New Business,USD,45000,Salesforce CRM,North America,Yes,SMB,3-Upside,,Sales Direct,Other,15/06/2026,0014P000037OW4l
Dov Dewar,Hadrius,Hadrius-25-Q2R-HS-NAM,Selection Started,31/07/2026,16/06/2026,New Business,USD,60750,Hubspot CRM,North America,Yes,MM,5 - Not Projected,,Inbound,Inbound,18/06/2026,001Rn00000PX3wv
Ivan Brin,Uptempo,Uptempo-25-CPQ-SF-NAM,Sales Qualified,31/07/2026,16/06/2026,New Business,USD,21000,Salesforce CRM,North America,Yes,SMB,5 - Not Projected,,Inbound,Inbound,17/06/2026,0016Q00001vReey
Ivan Brin,Rencore,Rencore-20-HS-Q2C-DACH,Selection Started,31/07/2026,16/06/2026,New Business,USD,23000,Hubspot CRM,DACH,Yes,SMB,5 - Not Projected,,Outbound,Outbound,19/06/2026,001Rn00000BKNRC
Jonathan Weksler,Included Health,Included Health-30-Q2C-SF-NAM,Sales Qualified,31/07/2026,16/06/2026,New Business,USD,36000,Salesforce,North America,Yes,MM,5 - Not Projected,,Inbound,Inbound,19/06/2026,0016Q00001ifwaa
Boaz Buch,Antalis,Antalis-100-CPQ-SF-EMEA,Sales Qualified,02/08/2026,14/05/2026,New Business,USD,100000,Unknown,Rest EMEA,,Enterprise,5 - Not Projected,,Outbound,Outbound,03/06/2026,0016Q00001WpvYf
Rebecca Gerger,Middesk,Middesk-25-Q2C-SF-DISP-NAM,Sales Qualified,04/08/2026,27/03/2026,New Business,USD,83400,Salesforce CRM,North America,,MM,5 - Not Projected,,Outbound,Outbound,07/04/2026,0016Q00001axmGB
Becky Gilor,LightHouse,Lighthouse-190-CPQ-SF-NAM-DISP,Sales Qualified,07/08/2026,11/05/2026,New Business,USD,280000,Salesforce CRM,UK/Ireland,,Enterprise,5 - Not Projected,,Inbound,Inbound,03/06/2026,001Rn000008VErj
Boaz Buch,DDN,DDN-250-CPQ-SF DISP-NAM,Sales Qualified,12/08/2026,15/06/2026,New Business,USD,100000,Salesforce CRM,North America,,Enterprise,5 - Not Projected,,Inbound,Inbound,18/06/2026,001U000001dQJ8V
Rebecca Gerger,PermitFlow,PermitFlow-20-CPQ-SF-NAM,Sales Qualified,18/08/2026,30/04/2026,New Business,USD,28800,Salesforce CRM,North America,Yes,SMB,5 - Not Projected,,Inbound,Inbound,01/05/2026,001Rn00000BKM57
Becky Gilor,Arctic Wolf Networks,Arctic Wolf Networks-460-CPQ-SF-DISP-NAM,Selection Started,20/08/2026,30/09/2025,New Business - Competitive Displacement,USD,538200,Salesforce CRM,North America,Yes,Enterprise,5 - Not Projected,,Inbound,Inbound,13/10/2025,0010B000021hcET
Becky Gilor,ActiveCampaign,ActiveCampaign-300-CPQ-SF-NAM-RFP,Sales Qualified,27/08/2026,17/02/2026,New Business,USD,100000,Other,North America,Yes,Enterprise,5 - Not Projected,,Inbound,Inbound,13/04/2026,0010B000021hb37
Boaz Buch,nCino,nCino-300-CPQ-SF-DISP-NAM,Selection Started,30/08/2026,06/02/2026,New Business - Competitive Displacement,USD,307800,Salesforce CRM,North America,Yes,Enterprise,4-Longshot,,Outbound,Outbound,16/02/2026,0010B00001wwTDz
Nathan Goldstein,ClearGov,ClearGov-45-CPQ-SF-NAM,Value Proven,31/08/2026,27/08/2024,New Business,USD,54000,Salesforce CRM,North America,,MM,5 - Not Projected,,Inbound,Inbound,29/08/2024,001Rn00000C0rS1
Boaz Buch,TeamDynamix,TeamDynamix-60-CPQ-SF-NAM,Selected Vendor,31/08/2026,05/08/2025,New Business,USD,72000,Salesforce CRM,North America,Yes,MM,5 - Not Projected,,Inbound,Inbound,15/08/2025,0014P00002wMCrA
Becky Gilor,WebPT,WebPT-85-Q2C-SF-DISP-NAM,Selection Started,31/08/2026,22/10/2025,New Business - Competitive Displacement,USD,270000,Salesforce CRM,North America,Yes,Enterprise,5 - Not Projected,,Events,Other,04/11/2025,0014P000037OWUd
Becky Gilor,Ping Identity,Ping Identity-474-CPQ-SF-NAM,Sales Qualified,31/08/2026,06/01/2026,New Business,USD,100000,Salesforce CRM,North America,Yes,Enterprise,5 - Not Projected,,Inbound,Inbound,14/01/2026,0010B00001wwTJI
Nathan Goldstein,Altana AI,Altana AI-80-CPQ-SF-NAM,Sales Qualified,31/08/2026,07/01/2026,New Business,USD,144000,Salesforce CRM,North America,Yes,Enterprise,5 - Not Projected,,Outbound,Outbound,13/01/2026,001Rn0000082OYQ
Boaz Buch,Cognite,Cognite-195-CPQ-SF-NAM,Value Proven,31/08/2026,24/01/2026,New Business,USD,75000,Salesforce CRM,Nordics,Yes,Enterprise,3-Upside,,Inbound,Inbound,04/02/2026,0014P00002wMyDi
Nathan Goldstein,Odessa,Odessa-50-CPQ-SF DISP-NAM,Selection Started,31/08/2026,24/02/2026,New Business - Competitive Displacement,USD,60000,Salesforce CRM,North America,Yes,MM,5 - Not Projected,,Inbound,Inbound,18/03/2026,0014P00002wMEpY
Dov Dewar,OneSignal,OneSignal-60-SF-NAM,Sales Qualified,31/08/2026,25/02/2026,New Business,USD,42000,Salesforce CRM,North America,Yes,MM,5 - Not Projected,To Be Lost,Outbound,Outbound,30/03/2026,0014P00002wMQ3u
Nathan Goldstein,Perceptyx,Perceptyx-50-CPQ-SF DISP-NAM,Sales Qualified,31/08/2026,09/03/2026,New Business - Competitive Displacement,USD,46800,Selecting a CRM,North America,Yes,MM,5 - Not Projected,,Inbound,Inbound,10/03/2026,0014P00002gLTcz
Becky Gilor,BigID,BigID-100-CPQ-SF-DISP-NAM,Sales Qualified,31/08/2026,25/03/2026,New Business,USD,100000,Salesforce CRM,North America,,Enterprise,5 - Not Projected,,Outbound,Outbound,17/04/2026,0010B00001zhAbG
Nathan Goldstein,RegEd,RegEd-30-CPQ-SF-NAM,Sales Qualified,31/08/2026,27/03/2026,New Business,USD,54000,Salesforce CRM,North America,Yes,MM,5 - Not Projected,,Inbound,Inbound,30/04/2026,0010B00001wwTD0
Benjamin Friedman,Sanas,Sanas-33-CPQ-SF-NAM,Sales Qualified,31/08/2026,03/04/2026,New Business,USD,39600,Salesforce CRM,North America,Yes,MM,5 - Not Projected,,Inbound,Inbound,06/04/2026,001Rn00000oziIx
Dov Dewar,Empyra,Empyra-9-Q2C-HS-NAM,Sales Qualified,31/08/2026,20/04/2026,New Business,USD,54000,Hubspot CRM,North America,,SMB,5 - Not Projected,To Be Lost,Inbound,Inbound,22/04/2026,0016Q00001qmKRC
Dov Dewar,Passage Health,Passage Health-20-CPQ-HS-NAM,Sales Qualified,31/08/2026,27/04/2026,New Business,USD,20250,Hubspot CRM,North America,Yes,SMB,5 - Not Projected,To Be Lost,Inbound,Inbound,29/04/2026,001Rn00000K3Jtz
Becky Gilor,OSG/EverView,OSG/EverView-79-CPQ-SF-NAM,Sales Qualified,31/08/2026,06/05/2026,New Business,USD,94800,Salesforce CRM,North America,Yes,Enterprise,5 - Not Projected,,Inbound,Inbound,03/06/2026,0016Q00001YY5Lg
Dov Dewar,Wind River Systems,Wind River Systems-20-CPQ-SF-EMEA-SFCPQ DISP,Sales Qualified,31/08/2026,07/05/2026,New Business,USD,28800,Salesforce CRM,North America,Yes,SMB,5 - Not Projected,To Be Lost,Inbound,Inbound,13/05/2026,0010B000021hbUR
Nathan Goldstein,Promethean,Promethean-50-CPQ-SF-NAM-SF DISP,Sales Qualified,31/08/2026,12/05/2026,New Business - Competitive Displacement,USD,60000,Salesforce CRM,North America,,MM,5 - Not Projected,,Inbound,Inbound,17/06/2026,0010B00001wwKKe
Becky Gilor,Remote,Remote-800-CPQ-SF-NAM,Sales Qualified,31/08/2026,13/05/2026,New Business,USD,100000,Salesforce CRM,North America,,Enterprise,5 - Not Projected,,Executive,Other,03/06/2026,0016Q00001YX39q
Becky Gilor,HP Inc,HP Industrial Printing-800-Q2R-MS-EMEA,Sales Qualified,31/08/2026,19/05/2026,New Business,USD,2000000,Microsoft Dynamics CRM,North America,,Enterprise,5 - Not Projected,,Executive,Other,03/06/2026,0014P000029gyYD
Dov Dewar,Filigran,Filigran-25-CPQ-HS-NAM,Sales Qualified,31/08/2026,26/05/2026,New Business,USD,52325.58,Hubspot CRM,Rest EMEA,,SMB,5 - Not Projected,,Inbound,Inbound,03/06/2026,001Rn00000sy3Ar
Dov Dewar,Oizom,Oizom-10-CPQ-SF-INDIA,Sales Qualified,31/08/2026,28/05/2026,New Business,USD,18000,Salesforce CRM,India,,SMB,5 - Not Projected,To Be Lost,Inbound,Inbound,28/05/2026,0016Q00001ifvM3
Boaz Buch,Cognition,Cognition-100-CPQ-SF-NAM,Sales Qualified,31/08/2026,28/05/2026,New Business,USD,100000,Salesforce CRM,North America,Yes,Enterprise,5 - Not Projected,,Inbound,Inbound,29/05/2026,001Rn00000tOXBY
Becky Gilor,Imagine Communications,ImagineCommunications-125-CPQ-SF-DISP-NAM,Sales Qualified,04/09/2026,19/05/2026,New Business,USD,100000,None,UK/Ireland,,Enterprise,5 - Not Projected,,Outbound,Outbound,15/06/2026,0010B000021hawP
Rebecca Gerger,Turtl,Turtl-20-Q2C-HS-EMEA,Sales Qualified,15/09/2026,12/05/2026,New Business,USD,50000,Hubspot CRM,North America,Yes,SMB,5 - Not Projected,,Inbound,Inbound,01/06/2026,0016Q00001WpZbB
Rebecca Gerger,Antavo,Antavo-10-Q2C-HS-EMEA,Sales Qualified,16/09/2026,17/04/2026,New Business,USD,60810.81,Hubspot CRM,UK/Ireland,Yes,SMB,5 - Not Projected,,Inbound,Inbound,27/05/2026,0016Q00001ayGDg
Dov Dewar,Taktile,Taktile-20-CPQ-HS-NAM,Sales Qualified,18/09/2026,26/05/2026,New Business,USD,45900,Hubspot CRM,North America,,MM,5 - Not Projected,,Outbound,Outbound,18/06/2026,0016Q00001xaH9m
Boaz Buch,BuildOps,BuildOps-80-CPQ-SF-NAM,Sales Qualified,23/09/2026,01/12/2025,New Business,USD,100000,Salesforce CRM,North America,,Enterprise,4-Longshot,,Executive,Other,05/01/2026,0016Q00001axGlg
Becky Gilor,Trend Micro,Trend Micro - 3000-CPQ-MD-NAM,Sales Qualified,23/09/2026,17/12/2025,New Business,USD,2268000,Microsoft Dynamics CRM,Japan,Yes,Enterprise,5 - Not Projected,,Inbound,Inbound,20/12/2025,0014P000026q0mr
Becky Gilor,Epiq,Epiq-232-CPQ-SF-NAM,Sales Qualified,23/09/2026,17/04/2026,New Business,USD,100000,Salesforce CRM,North America,No,Enterprise,5 - Not Projected,,Inbound,Inbound,30/04/2026,0014P00002wMCjk
Chris Jankos,Phriendly Phishing,Phriendly Phishing-20-Q2C-SF-ANZ,Value Proven,30/09/2026,10/12/2024,New Business,USD,34187.05,Salesforce CRM,ANZ,,SMB,5 - Not Projected,,Inbound,Inbound,15/12/2024,0016Q00001gwV7g
Dov Dewar,Systems Advisory Services,Systems Advisory Services-15-CPQ-HS-ANZ,Value Proven,30/09/2026,10/01/2025,New Business,USD,21582.73,Hubspot CRM,ANZ,,SMB,5 - Not Projected,,Combined - Inbound + Outbound,Outbound,15/01/2025,001Rn00000I3daM
Becky Gilor,Rubrik,Rubrik-50-CPQ-SF DISP-NA,Sales Qualified,30/09/2026,06/05/2025,New Business - Competitive Displacement,USD,60000,Salesforce CRM,North America,Yes,MM,5 - Not Projected,,Executive,Other,25/05/2025,001U000001ewfex
Becky Gilor,QAD,QAD-400-CPQ-SF-NAM-DISP,Value Proven,30/09/2026,07/01/2026,New Business - Competitive Displacement,USD,240000,Salesforce CRM,North America,Yes,Enterprise,4-Longshot,,Outbound,Outbound,20/01/2026,0010B000021ha5v
Nathan Goldstein,Portnox,Portnox-30-CPQ-SF-NA-CP,Sales Qualified,30/09/2026,28/01/2026,New Business,USD,48600,Salesforce CRM,North America,,MM,3-Upside,,Referral + Partners,Partners,03/02/2026,0016Q00001axd1n
Dov Dewar,Softgarden,Softgarden-40-Q2C-SF-DACH-CP,Selection Started,30/09/2026,16/02/2026,New Business,USD,58139.53,Salesforce CRM,DACH,,MM,5 - Not Projected,To Be Lost,Referral + Partners,Partners,16/03/2026,0014P00002wMyG5
Dov Dewar,iVenture Solutions,iVenture Solutions-15-CPQ-HS-NAM-DISP,Sales Qualified,30/09/2026,15/04/2026,New Business - Competitive Displacement,USD,21600,Hubspot CRM,North America,No,SMB,5 - Not Projected,To Be Lost,Inbound,Inbound,30/04/2026,0016Q00001axG8P
Dov Dewar,Blinq,Blinq-10-Q2C-HS-ANZ,Sales Qualified,30/09/2026,23/04/2026,New Business,USD,32805.76,Hubspot CRM,North America,,SMB,5 - Not Projected,,Inbound,Inbound,24/04/2026,001Rn00000BKIDs
Becky Gilor,Klaviyo,Klaviyo-623-CPQ-SF-NAM,Sales Qualified,30/09/2026,03/05/2026,New Business,USD,585000,Salesforce CRM,North America,,Enterprise,5 - Not Projected,,Inbound,Inbound,04/05/2026,0010B000021h0cX
Dov Dewar,ExaCare,ExaCare-10-CPQ-HS-NAM,Sales Qualified,30/09/2026,20/05/2026,New Business,USD,18000,Hubspot CRM,North America,Yes,SMB,5 - Not Projected,To Be Lost,Inbound,Inbound,21/05/2026,0016Q000021uckC
Nathan Goldstein,Times Higher Education,Times Higher Education-55-CPQ-SF-EMEA,Sales Qualified,30/09/2026,22/05/2026,New Business,USD,84648.65,Salesforce CRM,UK/Ireland,Yes,MM,5 - Not Projected,,Inbound,Inbound,03/06/2026,001Rn00000Enzs6
Becky Gilor,Siemens AG,Siemens Digital Industries Software-200-CPQ-SF-NAM-SF CPQ,Sales Qualified,30/09/2026,28/05/2026,New Business - Competitive Displacement,USD,100000,Salesforce CRM,DACH,,Enterprise,5 - Not Projected,,Outbound,Outbound,03/06/2026,0016Q00001if9Ah
Becky Gilor,MasterSense,MasterSense-100-CPQ-SF-LATAM,Sales Qualified,30/09/2026,04/06/2026,New Business,USD,100000,Salesforce CRM,LATAM,,Enterprise,5 - Not Projected,,Inbound,Inbound,15/06/2026,001Rn00001CUL9H
Becky Gilor,VTEX,VTEX-50-CPQ-HS-UK,Sales Qualified,30/09/2026,09/06/2026,New Business,USD,76500,Hubspot CRM,UK/Ireland,Yes,MM,5 - Not Projected,,Inbound,Inbound,10/06/2026,0016Q00001c0mLu
Chris Jankos,AC3,AC3-30-Q2C-MS-ANZ,Sales Qualified,01/10/2026,11/02/2026,New Business,USD,117122.3,Microsoft Dynamics CRM,ANZ,,MM,5 - Not Projected,,Inbound,Inbound,17/02/2026,0016Q00001a8aIQ
Boaz Buch,ZoomInfo,Zoominfo-1300-CPQ-SF-NAM,Sales Qualified,02/10/2026,28/05/2026,New Business,USD,100000,Salesforce CRM,North America,,Enterprise,5 - Not Projected,,Outbound,Outbound,03/06/2026,0010B00001wvhMH
Becky Gilor,OpenText,Open Text Corp-2545-CPQ-SF-NAM,Sales Qualified,21/10/2026,04/12/2025,New Business - Competitive Displacement,USD,100000,Salesforce CRM,North America,Yes,Enterprise,5 - Not Projected,,Executive,Other,21/12/2025,0016Q00001WqHRw
Becky Gilor,Thryv,Thryv-1250-CPQ-SF-NAM-DISP,Sales Qualified,21/10/2026,22/02/2026,New Business - Competitive Displacement,USD,641700,Salesforce CRM,North America,Yes,Enterprise,5 - Not Projected,,Events,Other,24/02/2026,0014P00002wMPu2
Becky Gilor,Neogen,Neogen-390-CPQ-SF-NAM,Sales Qualified,21/10/2026,03/04/2026,New Business,USD,100000,Salesforce CRM,North America,No,Enterprise,5 - Not Projected,,Inbound,Inbound,30/04/2026,0014P000029gyrw
Becky Gilor,HeadFirst Group,HeadFirst Group-250-CPQ-HS-EMEA-CP,Sales Qualified,22/10/2026,27/02/2026,New Business,USD,200000,,Rest EMEA,No,Enterprise,5 - Not Projected,,Referral + Partners,Partners,10/03/2026,0016Q00001ouaNS
Boaz Buch,Recorded Future,Recorded Future-231-CPQ-SF-NAM-SF DISP,Sales Qualified,26/10/2026,04/02/2026,New Business - Competitive Displacement,USD,100000,Salesforce CRM,North America,,Enterprise,5 - Not Projected,,Outbound,Outbound,05/02/2026,0010B00001wwP7S
Boaz Buch,EPI-USE LABS,EPIUSE-70-Q2C-HS-EMEA,Sales Qualified,26/10/2026,01/04/2026,New Business,USD,80000,Salesforce CRM,North America,,MM,5 - Not Projected,,Sales Direct,Other,15/04/2026,0016Q00001oujMR
Boaz Buch,Gilat Satellite Networks,Gilat Satellite Networks-125-CPQ-SF-DISP-ISR,Sales Qualified,26/10/2026,30/04/2026,New Business - Competitive Displacement,USD,156000,Salesforce CRM,Israel,,Enterprise,5 - Not Projected,,Outbound,Outbound,12/05/2026,001U000001jgzZu
Boaz Buch,Harmonic,Harmonic-70-CPQ-HS-NAM-CP,Sales Qualified,26/10/2026,04/05/2026,New Business,USD,84000,Salesforce CRM,North America,,MM,5 - Not Projected,,Referral + HubSpot,Partners,03/06/2026,0010B000021hbrD
Becky Gilor,Samsara,Samsara-1500-CPQ-SF-DISP-NAM (Subskribe),Sales Qualified,28/10/2026,23/11/2025,New Business - Competitive Displacement,USD,100000,Salesforce CRM,North America,Yes,Enterprise,5 - Not Projected,,Executive,Other,14/12/2025,0010B000021h0jG
Becky Gilor,Cellebrite,Cellebrite-227-CPQ-SF-DISP-NAM,Sales Qualified,29/10/2026,06/01/2026,New Business - Competitive Displacement,USD,100000,Salesforce CRM,North America,Yes,Enterprise,5 - Not Projected,,Outbound,Outbound,03/02/2026,001U000001OnXxf
Boaz Buch,Comply365,Comply365-60-CPQ-SF-NAM,Selection Started,29/10/2026,14/02/2026,New Business,USD,86400,Salesforce CRM,North America,Yes,MM,4-Longshot,,Inbound,Inbound,18/02/2026,0010B00001wwTFe
Becky Gilor,Birdeye,Birdeye-400+-CPQ-SF-NAM-SF DISP,Sales Qualified,29/10/2026,24/03/2026,New Business - Competitive Displacement,USD,100000,Salesforce CRM,North America,Yes,Enterprise,5 - Not Projected,,Outbound,Outbound,30/04/2026,0010B00001zHn0t
Rebecca Gerger,Maven Clinic,Maven Clinic-120-CPQ-SF-NAM,Sales Qualified,30/10/2026,22/10/2025,New Business,USD,100000,Salesforce CRM,North America,Yes,Enterprise,5 - Not Projected,,Events,Other,29/10/2025,0014P00002wMOsV
Clifton Mhlanga,Sutton Tools,Sutton Tools-15-CPQ-SF-ANZ,Sales Qualified,30/10/2026,05/11/2025,New Business,USD,21600,Salesforce CRM,ANZ,,SMB,,,Events,Other,10/12/2025,001Rn00000pR1Yx
Clifton Mhlanga,Netgear,NETGEAR-100-CPQ-SF-NAM,Sales Qualified,30/10/2026,15/11/2025,New Business,USD,100000,Salesforce CRM,North America,No,Enterprise,5 - Not Projected,,Inbound,Inbound,24/11/2025,0010B000021hc8N
Clifton Mhlanga,Vectra AI,Vectra-130-CPQ-SF-NAM-DISP,Sales Qualified,30/10/2026,12/01/2026,New Business - Competitive Displacement,USD,198900,Salesforce CRM,North America,Yes,Enterprise,5 - Not Projected,,Inbound,Inbound,14/01/2026,0010B000021h0a2
Boaz Buch,Momentive Software,Momentive Software-250-CPQ-SF DISP-NAM,Selection Started,30/10/2026,15/01/2026,New Business - Competitive Displacement,USD,280000,Salesforce CRM,North America,Yes,Enterprise,4-Longshot,,Inbound,Inbound,22/01/2026,001Rn00000abnxu
Becky Gilor,Nuvei,Nuvei-750-CPQ-SF-NAM,Sales Qualified,30/10/2026,03/06/2026,New Business,USD,250000,Salesforce CRM,North America,Yes,Enterprise,5 - Not Projected,,Inbound,Inbound,10/06/2026,0016Q00001ouWGn
Chris Jankos,JobAdder,JobAdder-37-Q2C-HS-ANZ,Selection Started,31/10/2026,21/11/2024,New Business,USD,100106.47,Hubspot CRM,ANZ,,MM,5 - Not Projected,,Outbound,Outbound,25/11/2024,0016Q00001WquHz
Benjamin Friedman,Canva,Canva-100-CPQ-SF-ANZ,Sales Qualified,31/10/2026,30/07/2025,New Business - Competitive Displacement,USD,100000,Salesforce CRM,ANZ,Yes,Enterprise,,,Executive,Other,09/12/2025,0014P00002wMvjR
Nathan Goldstein,Tango,Tango-30-CPQ-SF-NA,Selection Started,31/10/2026,27/08/2025,New Business,USD,54000,Salesforce CRM,North America,Yes,MM,5 - Not Projected,,Inbound,Inbound,28/08/2025,0016Q00001axbCt
Rebecca Gerger,NZME,NZME-350-CPQ-HS-NZ,Sales Qualified,31/10/2026,16/09/2025,New Business,USD,89928.06,Hubspot CRM,ANZ,,Enterprise,5 - Not Projected,,Events,Other,23/09/2025,0014P00002wMwaJ
Nathan Goldstein,Uptime Institute,Uptime Institute-66-CPQ-SF-DISP-NAM,Sales Qualified,31/10/2026,20/11/2025,New Business - Competitive Displacement,USD,95040,Salesforce CRM,North America,,MM,5 - Not Projected,,Inbound,Inbound,21/11/2025,0014P00002wMMKc
Nathan Goldstein,WideOrbit,Wideorbit-35-CPQ-MSD-NAM,Selection Started,31/10/2026,24/12/2025,New Business,USD,63000,Microsoft Dynamics CRM,North America,Yes,MM,5 - Not Projected,,Inbound,Inbound,06/01/2026,0010B00001zFmQh
Becky Gilor,Pilot,Pilot.com-60-CPQ-SF-NAM,Sales Qualified,31/10/2026,13/01/2026,New Business,USD,98400,Salesforce CRM,North America,No,Enterprise,5 - Not Projected,,Executive,Other,14/01/2026,0014P00002wMPuk
Clifton Mhlanga,Parkable,Parkable-10-CPQ-SF-ANZ,Sales Qualified,31/10/2026,15/01/2026,New Business,USD,19856.12,Salesforce CRM,ANZ,,SMB,5 - Not Projected,,Outbound,Outbound,14/04/2026,0016Q00001dgy8r
Nathan Goldstein,TrustFlight,TrustFlight-35-Q2C-HS-CAN-CP,Value Proven,31/10/2026,15/01/2026,New Business,USD,113400,Salesforce CRM,UK/Ireland,,MM,5 - Not Projected,,Referral + Partners,Partners,20/01/2026,001Rn00000qfe6p
Ivan Brin,Tecala,Tecala-10-HS-CPQ-ANZ-CP,Value Proven,31/10/2026,11/02/2026,New Business,USD,19856.12,Hubspot CRM,ANZ,,SMB,5 - Not Projected,,Referral + HubSpot,Partners,11/02/2026,0016Q00001ie5nc
Ivan Brin,Effectory,Effectory-45-CPQ-HS-EMEA,Value Proven,31/10/2026,14/03/2026,New Business,USD,37800,Hubspot CRM,Rest EMEA,Yes,MM,3-Upside,,Inbound,Inbound,16/03/2026,0016Q00001a7iwz
Clifton Mhlanga,Ricoh South Pacific,Ricoh South Pacific-10-CPQ-SF-DISP-ANZ,Sales Qualified,31/10/2026,19/03/2026,New Business - Competitive Displacement,USD,19856.12,Salesforce CRM,ROW,,SMB,5 - Not Projected,,Inbound,Inbound,24/03/2026,001Rn00000QPHlJ
Clifton Mhlanga,Engagis Pty Ltd,Engagis Pty Ltd-20-CPQ-HS-ANZ,Sales Qualified,31/10/2026,08/04/2026,New Business,USD,39712.23,NetSuite CRM,ANZ,,SMB,5 - Not Projected,,Inbound,Inbound,15/04/2026,001Rn00000XtGHB
Nathan Goldstein,MANGOPAY,Mangopay-80-CPQ-SF DISP-EMEA,Sales Qualified,31/10/2026,22/04/2026,New Business - Competitive Displacement,USD,133953.49,Salesforce CRM,Rest EMEA,Yes,Enterprise,4-Longshot,,Inbound,Inbound,24/04/2026,0014P00002wMOZV
Nathan Goldstein,D-EDGE,dedge-60-CPQ-SF-EMEA,Sales Qualified,31/10/2026,28/04/2026,New Business,USD,83720.93,Salesforce CRM,Rest EMEA,Yes,MM,5 - Not Projected,,Inbound,Inbound,10/06/2026,0016Q00001ougvH
Ivan Brin,PlusServer,PlusServer-35-Q2C-HS-DACH,Selection Started,31/10/2026,08/05/2026,New Business,USD,109011.63,Hubspot CRM,DACH,,MM,5 - Not Projected,,Inbound,Inbound,12/05/2026,0016Q00001dgwrJ
Jonathan Weksler,Stride EMR,Stride EMR-8-Q2C-SF-NAM-DISP,Sales Qualified,31/10/2026,16/06/2026,New Business - Competitive Displacement,USD,11520,Salesforce CRM,North America,Yes,SMB,5 - Not Projected,,Inbound,Inbound,22/06/2026,001Rn00000QizYr
Jonathan Weksler,KNIME,KNIME-50-CPQ-SF-DACH,Sales Qualified,31/10/2026,17/06/2026,New Business,USD,28800,Salesforce CRM,DACH,Yes,SMB,5 - Not Projected,,Inbound,Inbound,22/06/2026,0016Q00001hQmuw
Rebecca Gerger,CloudClevr,CloudClevr-34-CPQ-HS-EMEA,Sales Qualified,03/11/2026,01/05/2026,New Business,USD,40800,Hubspot CRM,UK/Ireland,No,MM,5 - Not Projected,,Inbound,Inbound,03/06/2026,001Rn000018lrmy
Rebecca Gerger,Maneva AI,ManevaAi-25-CPQ-SF-NAM,Sales Qualified,18/11/2026,05/05/2026,New Business,USD,1800,Salesforce CRM,North America,,Empty,5 - Not Projected,,Outbound,Outbound,03/06/2026,001Rn000014fc4w
Nathan Goldstein,Perry Weather,Perry Weather-36-CPQ-HS-NA,Sales Qualified,30/11/2026,13/01/2026,New Business,USD,55080,Hubspot CRM,North America,Yes,MM,3-Upside,,Inbound,Inbound,16/01/2026,0016Q00001osGAB
Jonathan Weksler,T&N Telekom & Netzwerk,T&N-50-CPQ-SF-DACH,Sales Qualified,30/11/2026,23/03/2026,New Business,USD,230232.56,Salesforce CRM,DACH,,MM,5 - Not Projected,,Outbound,Outbound,06/04/2026,001Rn00000Enq6d
Boaz Buch,Cognyte,Cognyte-200-CPQ-SF DISP,Selected Vendor,30/12/2026,28/11/2024,New Business - Competitive Displacement,USD,153600,Salesforce CRM,Israel,,Enterprise,5 - Not Projected,,Sales Direct,Other,11/02/2025,0016Q00001YVaOf
Clifton Mhlanga,Scope Systems,Scope Systems-15-CPQ-HS-ANZ,Selection Started,31/12/2026,18/11/2025,New Business,USD,29784.17,Hubspot CRM,North America,,SMB,5 - Not Projected,,Inbound,Inbound,18/11/2025,0016Q00001oudFi
Nathan Goldstein,LRQA,LloydsRegisterQualityAssurance-316-CPQ-MD-EMEA,Sales Qualified,31/12/2026,06/02/2026,New Business,USD,583783.78,Salesforce CRM,UK/Ireland,No,Enterprise,5 - Not Projected,To Be Lost,Inbound,Inbound,10/02/2026,0014P00003Y6Xk5
Boaz Buch,Pantheon Platform,Pantheon-70-CPQ-SF-NAM,Value Proven,31/12/2026,24/02/2026,New Business,USD,75600,Salesforce CRM,North America,Yes,MM,3-Upside,,Sales Direct,Other,27/03/2026,0016Q00001gw3JA
Nathan Goldstein,Accountor Finago Oy,Accountor Finago Oy-55-CPQ-MD-NORDICS,Sales Qualified,31/12/2026,10/04/2026,New Business,USD,76744.19,Microsoft Dynamics CRM,Nordics,Yes,MM,5 - Not Projected,,Inbound,Inbound,16/04/2026,001Rn00000G8RI3
Benjamin Friedman,BW Converting,BW Converting-12-CPQ-MD-NAM-AE Training,Sales Qualified,31/12/2026,22/04/2026,New Business,USD,100000,Microsoft Dynamics CRM,North America,No,Enterprise,5 - Not Projected,,Inbound,Inbound,17/06/2026,001Rn00000gauLK
Nathan Goldstein,Sogelink Group,Sogelink Group-59-CPQ-SF-FR-DISP,Sales Qualified,31/12/2026,27/05/2026,New Business - Competitive Displacement,USD,115116.28,Salesforce CRM,Rest EMEA,Yes,Enterprise,5 - Not Projected,,Inbound,Inbound,28/05/2026,0016Q00001azMnj
Boaz Buch,NICE,NICE-1500-CPQ-SF-DISP,Sales Qualified,31/01/2027,26/03/2026,New Business - Competitive Displacement,USD,100000,Salesforce CRM,Israel,Yes,Enterprise,5 - Not Projected,,Executive,Other,20/04/2026,0014P00002wMwlg
